Season,UFO_shape
Winter,Cylinder
Autumn,Egg
Autumn,Light
Autumn,Sphere
Autumn,Other
Winter,Unknown
Autumn,Disk
Autumn,Fireball
Autumn,Triangle
Winter,Fireball
Winter,Circle
Winter,Disk
Winter,Flash
Winter,Changing
Winter,Rectangle
Winter,Unknown
Winter,Other
Spring,Triangle
Spring,Light
Spring,Flash
Spring,Egg
Summer,Other
Summer,Oval
Summer,Cross
Summer,Circle
Summer,Light
Summer,Other
Summer,Sphere
Summer,Disk
Autumn,Sphere
Winter,Circle
Summer,Fireball
Summer,Sphere
Spring,Disk
Autumn,Cylinder
Autumn,Cigar
Autumn,Circle
Autumn,Egg
Autumn,Unknown
Autumn,Circle
Autumn,Unknown
Autumn,Other
Autumn,Flash
Autumn,Disk
Autumn,Triangle
Autumn,Light
Autumn,Light
Autumn,Sphere
Autumn,Formation
Autumn,Sphere
Autumn,Circle
Autumn,Light
Autumn,Triangle
Autumn,Triangle
Autumn,Cigar
Autumn,Chevron
Autumn,Chevron
Autumn,Fireball
Winter,Cigar
Winter,Rectangle
Autumn,Circle
Winter,Circle
Winter,Chevron
Winter,Changing
Winter,Cylinder
Winter,Circle
Winter,Light
Winter,Circle
Winter,Sphere
Winter,Egg
Winter,Fireball
Winter,Circle
Winter,Circle
Winter,Fireball
Winter,Unknown
Winter,Diamond
Winter,Triangle
Winter,Cylinder
Winter,Triangle
Winter,Light
Winter,Triangle
Winter,Light
Spring,Sphere
Spring,Sphere
Spring,Light
Spring,Formation
Spring,Disk
Spring,Cylinder
Spring,Oval
Spring,Light
Spring,Diamond
Spring,Chevron
Spring,Circle
Spring,Oval
Spring,Teardrop
Spring,Triangle
Spring,Triangle
Spring,Triangle
Summer,Triangle
Summer,Light
Summer,Triangle
Summer,Fireball
Summer,Rectangle
Summer,Circle
Summer,Circle
Summer,Unknown
Summer,Other
Summer,Unknown
Summer,Circle
Summer,
Summer,Light
Summer,Circle
Summer,
Summer,Disk
Summer,Light
Summer,
Summer,Sphere
Summer,Changing
Summer,Other
Summer,Oval
Summer,Circle
Summer,Disk
Summer,Light
Summer,Flash
Summer,Unknown
Summer,Unknown
Summer,Light
Summer,Other
Summer,Circle
Summer,Unknown
Summer,Triangle
Summer,Flash
Summer,Light
Summer,Circle
Summer,Cigar
Summer,Oval
Autumn,Fireball
Autumn,
Autumn,Cigar
Autumn,Fireball
Autumn,Fireball
Autumn,Disk
Autumn,Unknown
Autumn,Light
Autumn,Circle
Autumn,Cigar
Autumn,Light
Winter,Formation
Autumn,Formation
Autumn,Disk
Winter,Triangle
Autumn,Circle
Summer,Triangle
Winter,Triangle
Winter,Light
Winter,Other
Spring,
Spring,Fireball
Summer,Formation
Summer,Circle
Summer,Circle
Spring,Circle
Autumn,Changing
Winter,Sphere
Summer,Triangle
Winter,Other
Summer,Circle
Summer,Fireball
Autumn,Diamond
Autumn,Changing
Autumn,Triangle
Autumn,Light
Autumn,Light
Autumn,Triangle
Autumn,Diamond
Autumn,Triangle
Autumn,Teardrop
Autumn,Triangle
Autumn,Unknown
Autumn,Disk
Autumn,Triangle
Autumn,Triangle
Autumn,Diamond
Autumn,Oval
Autumn,Light
Autumn,Diamond
Winter,Sphere
Winter,Formation
Winter,
Winter,Disk
Winter,Light
Winter,Other
Winter,Triangle
Winter,Disk
Winter,Cigar
Winter,Changing
Winter,Triangle
Winter,Sphere
Winter,Light
Winter,Triangle
Winter,Light
Winter,Light
Winter,Other
Winter,Light
Winter,Teardrop
Winter,Disk
Spring,Egg
Spring,Triangle
Spring,Circle
Spring,Teardrop
Spring,Unknown
Spring,Teardrop
Spring,Triangle
Spring,Unknown
Spring,Oval
Spring,Fireball
Spring,Light
Spring,Diamond
Spring,Cylinder
Spring,Formation
Spring,Formation
Spring,Other
Spring,
Spring,Cigar
Summer,Triangle
Summer,Light
Summer,Sphere
Summer,Unknown
Summer,Circle
Summer,Sphere
Summer,Other
Summer,Other
Summer,Fireball
Summer,Fireball
Summer,Disk
Summer,Disk
Summer,Cylinder
Summer,Circle
Summer,Light
Summer,Cigar
Summer,Circle
Summer,Disk
Summer,Light
Summer,Formation
Summer,Triangle
Summer,Triangle
Summer,Triangle
Summer,Light
Summer,Fireball
Summer,Triangle
Summer,Fireball
Summer,Triangle
Summer,
Autumn,Cigar
Autumn,Disk
Autumn,Light
Autumn,Other
Autumn,Unknown
Autumn,Diamond
Autumn,Chevron
Autumn,Triangle
Autumn,Sphere
Autumn,Sphere
Autumn,Formation
Autumn,Other
Autumn,Triangle
Autumn,Disk
Autumn,Sphere
Autumn,Circle
Winter,Unknown
Autumn,Light
Autumn,Oval
Spring,Changing
Autumn,Other
Autumn,Unknown
Winter,Fireball
Spring,Disk
Spring,Sphere
Summer,Light
Autumn,Unknown
Summer,Sphere
Autumn,Light
Winter,Circle
Autumn,Fireball
Autumn,Fireball
Spring,Disk
Autumn,Triangle
Summer,Other
Summer,Light
Winter,Oval
Winter,Light
Winter,Sphere
Winter,Flash
Spring,Light
Spring,
Spring,Cigar
Spring,
Summer,Sphere
Summer,Sphere
Autumn,Other
Autumn,Sphere
Spring,Triangle
Spring,Light
Summer,Other
Autumn,Cigar
Autumn,Triangle
Autumn,Formation
Spring,Other
Spring,Formation
Spring,Diamond
Autumn,Other
Summer,Circle
Winter,Circle
Summer,Sphere
Winter,Light
Spring,Rectangle
Winter,Light
Summer,Circle
Autumn,Diamond
Winter,Changing
Summer,Disk
Summer,Light
Autumn,Sphere
Spring,Rectangle
Autumn,Triangle
Summer,Sphere
Spring,Unknown
Spring,Light
Summer,Fireball
Autumn,Oval
Autumn,Other
Autumn,Triangle
Autumn,Oval
Autumn,Light
Autumn,Light
Autumn,Unknown
Autumn,Diamond
Autumn,Light
Autumn,Light
Autumn,Light
Autumn,Formation
Autumn,Disk
Autumn,Light
Autumn,Sphere
Autumn,Cigar
Autumn,Unknown
Autumn,Unknown
Autumn,Triangle
Autumn,Other
Autumn,Light
Autumn,Light
Autumn,Triangle
Autumn,Diamond
Autumn,Other
Autumn,Disk
Autumn,Disk
Autumn,Cigar
Autumn,Light
Autumn,Oval
Autumn,Unknown
Autumn,Fireball
Autumn,Light
Autumn,Circle
Autumn,Other
Autumn,Other
Autumn,Fireball
Autumn,Fireball
Autumn,Other
Autumn,Cylinder
Autumn,Triangle
Autumn,Fireball
Autumn,Cylinder
Autumn,Fireball
Autumn,Unknown
Autumn,Light
Autumn,Fireball
Autumn,Fireball
Autumn,Light
Autumn,Chevron
Autumn,Fireball
Autumn,Light
Autumn,Unknown
Autumn,Unknown
Autumn,Cigar
Autumn,Circle
Autumn,Unknown
Autumn,Rectangle
Autumn,Unknown
Autumn,Fireball
Autumn,Sphere
Autumn,Egg
Autumn,Light
Autumn,Oval
Autumn,Unknown
Autumn,
Autumn,Triangle
Autumn,Light
Autumn,Diamond
Autumn,Disk
Autumn,Egg
Autumn,Circle
Autumn,Triangle
Autumn,Cigar
Autumn,Triangle
Autumn,Oval
Autumn,Other
Autumn,Fireball
Autumn,Light
Autumn,Triangle
Autumn,Disk
Autumn,Other
Autumn,Light
Autumn,Diamond
Autumn,Light
Autumn,Diamond
Autumn,Other
Autumn,Fireball
Autumn,Circle
Autumn,Light
Autumn,
Autumn,Cigar
Autumn,Sphere
Autumn,Light
Autumn,Triangle
Autumn,Light
Autumn,Unknown
Autumn,
Autumn,Disk
Autumn,Triangle
Autumn,Disk
Autumn,Light
Autumn,Changing
Autumn,Changing
Autumn,Oval
Autumn,Cylinder
Autumn,Chevron
Autumn,Cone
Autumn,Cross
Autumn,Formation
Autumn,Oval
Autumn,Oval
Autumn,Circle
Autumn,
Autumn,Light
Autumn,Other
Autumn,
Autumn,Triangle
Autumn,Light
Autumn,Other
Autumn,Triangle
Autumn,Diamond
Autumn,Triangle
Autumn,Cylinder
Autumn,Light
Autumn,Cylinder
Autumn,Sphere
Autumn,Unknown
Autumn,Cigar
Autumn,Light
Autumn,Light
Autumn,Sphere
Autumn,Egg
Autumn,Triangle
Autumn,Other
Autumn,Diamond
Autumn,Oval
Autumn,Triangle
Autumn,Light
Autumn,Fireball
Autumn,Fireball
Autumn,Other
Autumn,Triangle
Autumn,Light
Autumn,Changing
Autumn,Other
Autumn,Other
Autumn,Circle
Autumn,Light
Autumn,Changing
Autumn,Triangle
Autumn,Triangle
Autumn,Light
Autumn,Light
Autumn,Fireball
Autumn,Oval
Autumn,Flash
Autumn,Triangle
Autumn,Sphere
Autumn,Other
Autumn,Flash
Autumn,Changing
Autumn,Changing
Autumn,Other
Autumn,Triangle
Autumn,Circle
Autumn,Circle
Autumn,Light
Autumn,Light
Autumn,Cigar
Autumn,Triangle
Autumn,Light
Autumn,Other
Autumn,Fireball
Autumn,Fireball
Autumn,Triangle
Autumn,Light
Autumn,Light
Autumn,Light
Autumn,Light
Autumn,Disk
Autumn,Flash
Autumn,Diamond
Autumn,Light
Autumn,Triangle
Autumn,Other
Autumn,Cigar
Autumn,Circle
Autumn,
Autumn,Triangle
Autumn,Sphere
Autumn,Sphere
Autumn,Circle
Autumn,Circle
Autumn,Disk
Autumn,Changing
Autumn,Light
Autumn,Light
Autumn,Other
Autumn,Fireball
Autumn,Fireball
Autumn,Light
Autumn,Unknown
Autumn,Light
Autumn,Fireball
Autumn,Egg
Autumn,Egg
Autumn,Diamond
Autumn,Disk
Autumn,Circle
Autumn,Disk
Autumn,Unknown
Autumn,Triangle
Autumn,Changing
Autumn,Triangle
Autumn,Oval
Autumn,Triangle
Autumn,Disk
Autumn,Light
Autumn,Unknown
Autumn,Other
Autumn,Fireball
Autumn,Other
Autumn,Triangle
Autumn,Changing
Autumn,Unknown
Autumn,Circle
Autumn,Fireball
Autumn,Sphere
Autumn,Triangle
Autumn,Cone
Autumn,Other
Autumn,Disk
Autumn,Teardrop
Autumn,Triangle
Autumn,Light
Autumn,Disk
Autumn,Circle
Autumn,Light
Autumn,Triangle
Autumn,Triangle
Autumn,Triangle
Autumn,
Autumn,Unknown
Autumn,Triangle
Autumn,Circle
Autumn,Formation
Autumn,Other
Autumn,Light
Autumn,Other
Autumn,Other
Autumn,Disk
Autumn,Circle
Autumn,Unknown
Autumn,Teardrop
Autumn,Changing
Winter,Disk
Winter,Oval
Winter,Oval
Winter,Light
Winter,Light
Winter,Unknown
Autumn,Rectangle
Autumn,Rectangle
Autumn,Triangle
Autumn,Circle
Autumn,Oval
Autumn,Circle
Autumn,Cylinder
Autumn,Light
Autumn,Circle
Autumn,Disk
Autumn,Light
Autumn,Other
Autumn,Light
Autumn,Disk
Winter,Triangle
Autumn,Egg
Winter,
Autumn,Other
Autumn,Triangle
Autumn,Light
Autumn,Other
Winter,Fireball
Winter,Oval
Autumn,Diamond
Autumn,Formation
Autumn,Light
Autumn,Triangle
Autumn,Circle
Autumn,Changing
Autumn,Changing
Autumn,Fireball
Autumn,Fireball
Autumn,Other
Autumn,Light
Autumn,Egg
Autumn,Triangle
Autumn,Teardrop
Autumn,Changing
Autumn,Rectangle
Autumn,Oval
Autumn,Diamond
Autumn,Fireball
Autumn,Unknown
Autumn,Unknown
Autumn,Fireball
Autumn,Chevron
Autumn,Fireball
Autumn,Light
Autumn,
Autumn,Light
Autumn,Diamond
Autumn,Triangle
Autumn,Other
Autumn,Flash
Autumn,Other
Autumn,Other
Autumn,Flash
Autumn,Circle
Autumn,Unknown
Autumn,Triangle
Autumn,Triangle
Autumn,Other
Autumn,Sphere
Autumn,Fireball
Autumn,Other
Autumn,Circle
Autumn,Circle
Autumn,Rectangle
Autumn,Light
Autumn,Other
Autumn,Light
Autumn,Changing
Autumn,Other
Autumn,Triangle
Autumn,Light
Autumn,Triangle
Autumn,Light
Autumn,Disk
Autumn,Unknown
Autumn,Oval
Autumn,Fireball
Autumn,Teardrop
Autumn,Other
Autumn,Light
Autumn,Other
Autumn,Triangle
Autumn,Circle
Autumn,Unknown
Autumn,Formation
Autumn,Disk
Autumn,Sphere
Winter,Sphere
Winter,Unknown
Winter,Light
Winter,Cylinder
Winter,Other
Winter,Light
Winter,Light
Winter,Light
Winter,Light
Winter,Light
Winter,Formation
Winter,Flash
Winter,Triangle
Winter,Sphere
Winter,Cigar
Winter,Egg
Autumn,Light
Autumn,Changing
Autumn,Egg
Autumn,Triangle
Autumn,Triangle
Autumn,Fireball
Autumn,Flash
Autumn,Light
Autumn,Disk
Autumn,Light
Autumn,Unknown
Autumn,Other
Autumn,Disk
Winter,Disk
Autumn,Circle
Autumn,Oval
Winter,Triangle
Autumn,Triangle
Autumn,Disk
Autumn,Disk
Autumn,Formation
Autumn,Triangle
Autumn,Fireball
Autumn,Light
Autumn,Light
Autumn,Triangle
Autumn,Triangle
Autumn,Light
Autumn,Triangle
Autumn,Other
Autumn,Light
Autumn,Cigar
Autumn,Light
Autumn,Other
Autumn,Triangle
Autumn,Light
Autumn,Circle
Autumn,Formation
Autumn,Circle
Autumn,Light
Autumn,Oval
Autumn,Circle
Autumn,Triangle
Autumn,Fireball
Autumn,Sphere
Autumn,Unknown
Autumn,Circle
Autumn,Sphere
Autumn,Light
Autumn,Triangle
Autumn,Light
Autumn,Light
Autumn,Circle
Autumn,Unknown
Autumn,Other
Autumn,Disk
Autumn,Egg
Autumn,Fireball
Autumn,Circle
Autumn,Disk
Autumn,Light
Autumn,Triangle
Autumn,Fireball
Autumn,Circle
Autumn,Fireball
Autumn,Triangle
Autumn,Circle
Autumn,Oval
Autumn,Light
Autumn,Light
Winter,Unknown
Winter,Light
Autumn,Triangle
Autumn,Unknown
Winter,Circle
Autumn,Circle
Autumn,Triangle
Autumn,Triangle
Autumn,Unknown
Winter,Fireball
Autumn,Oval
Autumn,Unknown
Autumn,Unknown
Winter,Disk
Winter,Disk
Autumn,Light
Autumn,Circle
Winter,Light
Autumn,Triangle
Autumn,Light
Autumn,Circle
Winter,
Autumn,Teardrop
Autumn,Formation
Winter,Cigar
Winter,Unknown
Winter,Circle
Winter,Oval
Winter,Triangle
Winter,Light
Winter,Unknown
Winter,Light
Winter,Sphere
Winter,Circle
Winter,Flash
Winter,Rectangle
Autumn,Fireball
Winter,Disk
Winter,Triangle
Winter,Circle
Autumn,Egg
Winter,Light
Autumn,Triangle
Winter,Light
Autumn,Circle
Autumn,Other
Autumn,Triangle
Autumn,Light
Autumn,Light
Winter,Unknown
Autumn,Disk
Winter,Rectangle
Winter,Cone
Winter,Cylinder
Winter,Triangle
Autumn,Triangle
Winter,Light
Winter,
Winter,Cylinder
Winter,Light
Winter,
Autumn,Other
Autumn,Teardrop
Winter,Fireball
Winter,Oval
Winter,Light
Winter,Other
Winter,Sphere
Winter,Light
Winter,Light
Winter,
Autumn,Circle
Winter,Unknown
Autumn,Fireball
Autumn,Other
Autumn,Light
Autumn,Formation
Winter,Egg
Autumn,Disk
Winter,Unknown
Winter,Circle
Winter,Disk
Winter,Circle
Winter,Fireball
Winter,Light
Winter,Fireball
Winter,Fireball
Winter,Triangle
Winter,Triangle
Winter,Diamond
Winter,Other
Winter,Other
Winter,Triangle
Winter,Light
Winter,Unknown
Winter,Oval
Winter,Other
Winter,Light
Winter,Triangle
Winter,Other
Winter,Oval
Winter,Diamond
Winter,Unknown
Winter,Fireball
Winter,Light
Winter,Fireball
Winter,Fireball
Winter,Flash
Winter,Unknown
Winter,Light
Winter,Triangle
Winter,Fireball
Winter,Diamond
Winter,Unknown
Winter,Light
Winter,Light
Winter,Triangle
Winter,Unknown
Winter,Disk
Winter,Light
Winter,Unknown
Winter,Teardrop
Winter,Unknown
Winter,Circle
Winter,Light
Winter,Triangle
Winter,Triangle
Winter,Light
Winter,Light
Winter,Light
Winter,Disk
Winter,Disk
Winter,Changing
Winter,Sphere
Winter,Disk
Winter,Disk
Winter,
Winter,Fireball
Winter,Fireball
Winter,Light
Winter,Light
Winter,Light
Winter,Cross
Winter,Other
Winter,Triangle
Winter,Unknown
Winter,Circle
Winter,Chevron
Winter,Light
Winter,Triangle
Winter,Light
Winter,Light
Winter,Fireball
Winter,Changing
Winter,Light
Winter,Triangle
Winter,Light
Winter,Changing
Winter,Circle
Winter,Oval
Winter,Triangle
Winter,Light
Winter,Rectangle
Winter,Oval
Winter,Fireball
Winter,Light
Winter,Light
Winter,Rectangle
Winter,Light
Winter,Fireball
Winter,Fireball
Winter,Fireball
Winter,Other
Winter,Formation
Winter,Other
Winter,
Winter,Disk
Winter,Light
Winter,Triangle
Winter,Fireball
Winter,Light
Winter,Chevron
Winter,Triangle
Winter,Chevron
Winter,Fireball
Winter,Fireball
Winter,Triangle
Winter,Chevron
Winter,Triangle
Winter,Circle
Winter,Sphere
Winter,Unknown
Winter,Cross
Winter,Triangle
Winter,Triangle
Winter,Light
Winter,Fireball
Winter,Triangle
Winter,Changing
Winter,Light
Winter,Oval
Winter,Cigar
Winter,Light
Winter,
Winter,Light
Winter,Egg
Winter,Circle
Winter,Fireball
Winter,
Winter,Fireball
Winter,
Winter,Egg
Winter,Cigar
Winter,Fireball
Winter,Formation
Winter,Fireball
Winter,Changing
Winter,Light
Winter,Unknown
Winter,Fireball
Winter,Fireball
Winter,Oval
Winter,Fireball
Winter,Fireball
Winter,Oval
Winter,Light
Winter,Light
Winter,Sphere
Winter,Triangle
Winter,Other
Winter,Disk
Winter,Unknown
Winter,Flash
Winter,Flash
Winter,Light
Winter,Other
Winter,Diamond
Winter,Disk
Winter,Fireball
Winter,Light
Winter,Triangle
Winter,Diamond
Winter,Chevron
Winter,Disk
Winter,Other
Winter,Unknown
Winter,Disk
Winter,Formation
Winter,Formation
Winter,Triangle
Winter,Oval
Winter,Oval
Winter,Unknown
Winter,Changing
Winter,Triangle
Winter,Unknown
Winter,Disk
Winter,Oval
Winter,Disk
Winter,Sphere
Winter,Disk
Winter,Oval
Winter,Disk
Winter,Other
Winter,Light
Winter,Circle
Winter,Formation
Winter,Cylinder
Winter,Teardrop
Winter,Disk
Winter,Unknown
Winter,Triangle
Winter,Flash
Winter,Other
Winter,Triangle
Winter,Other
Winter,Fireball
Winter,Light
Winter,Triangle
Winter,Unknown
Winter,Other
Winter,Cigar
Winter,Unknown
Winter,Light
Winter,Disk
Winter,Unknown
Winter,Triangle
Winter,Cigar
Winter,Light
Winter,Fireball
Winter,Light
Winter,Triangle
Winter,Teardrop
Winter,Other
Winter,Cylinder
Winter,Sphere
Winter,Triangle
Winter,Sphere
Winter,Light
Winter,Fireball
Winter,Light
Winter,Fireball
Winter,Cylinder
Winter,Triangle
Winter,Oval
Winter,Light
Winter,Light
Winter,Circle
Winter,Sphere
Winter,Cross
Winter,Fireball
Winter,Cylinder
Winter,Light
Winter,Light
Winter,Triangle
Winter,Circle
Winter,Triangle
Winter,Light
Winter,Circle
Winter,Other
Winter,Cigar
Winter,Light
Winter,Light
Winter,Triangle
Winter,Oval
Winter,Light
Winter,Fireball
Winter,Triangle
Winter,Rectangle
Winter,Rectangle
Winter,Other
Winter,Changing
Winter,Triangle
Winter,Unknown
Winter,Triangle
Winter,Cylinder
Winter,Triangle
Winter,Light
Winter,Triangle
Winter,
Winter,Unknown
Winter,Cigar
Winter,Chevron
Winter,Teardrop
Winter,Fireball
Winter,Sphere
Winter,Circle
Winter,Unknown
Winter,Unknown
Winter,Fireball
Winter,Formation
Winter,Triangle
Winter,Cigar
Winter,Formation
Winter,Changing
Winter,Light
Winter,Light
Winter,Sphere
Winter,Circle
Winter,Fireball
Winter,Light
Winter,Other
Winter,Fireball
Winter,Unknown
Winter,Light
Winter,Formation
Winter,Fireball
Winter,Other
Winter,Triangle
Winter,Triangle
Winter,Chevron
Winter,Other
Winter,Other
Winter,Unknown
Winter,Fireball
Winter,Fireball
Winter,Sphere
Winter,Circle
Winter,Light
Winter,Unknown
Winter,Diamond
Winter,Sphere
Winter,Light
Winter,Unknown
Winter,Oval
Winter,Oval
Winter,Disk
Winter,Fireball
Winter,Teardrop
Winter,Other
Winter,Unknown
Winter,Egg
Winter,Rectangle
Winter,Light
Winter,Circle
Winter,Formation
Winter,Triangle
Winter,Light
Winter,Light
Winter,Changing
Winter,Circle
Winter,Circle
Winter,Circle
Winter,Fireball
Winter,Fireball
Winter,Triangle
Winter,Triangle
Winter,Light
Winter,Rectangle
Winter,Light
Winter,Sphere
Winter,Light
Winter,Triangle
Winter,Disk
Winter,Light
Winter,Chevron
Winter,Light
Winter,Fireball
Winter,Triangle
Winter,Light
Winter,Rectangle
Winter,Light
Winter,Triangle
Winter,Light
Winter,Other
Winter,Changing
Winter,Changing
Winter,Fireball
Winter,Cylinder
Winter,Oval
Winter,Unknown
Winter,Formation
Winter,Other
Winter,Fireball
Winter,Fireball
Winter,Fireball
Winter,Cylinder
Winter,Disk
Winter,Diamond
Winter,Light
Winter,Other
Winter,Changing
Winter,Other
Winter,
Winter,Other
Winter,Other
Winter,Cigar
Winter,Chevron
Winter,Other
Winter,Cylinder
Winter,Cylinder
Winter,Cylinder
Winter,Light
Winter,Cone
Winter,Cigar
Winter,Triangle
Winter,Disk
Winter,Light
Winter,Triangle
Winter,Light
Winter,Light
Winter,Egg
Winter,Circle
Winter,Light
Winter,Light
Winter,Triangle
Winter,Cigar
Winter,Unknown
Winter,Chevron
Winter,Light
Winter,Sphere
Winter,Circle
Winter,Light
Winter,Egg
Winter,Light
Winter,Light
Winter,Teardrop
Winter,Triangle
Winter,Light
Winter,Unknown
Winter,Light
Winter,Light
Winter,Triangle
Winter,Circle
Winter,Circle
Winter,Formation
Winter,Other
Winter,Fireball
Winter,Light
Winter,Changing
Winter,Other
Winter,Unknown
Winter,Triangle
Winter,Other
Winter,Light
Winter,Fireball
Winter,Triangle
Winter,Circle
Winter,Light
Winter,Triangle
Winter,Circle
Winter,Fireball
Winter,Oval
Winter,Disk
Winter,Fireball
Winter,Other
Winter,Circle
Winter,Unknown
Winter,Triangle
Winter,Other
Winter,Light
Winter,Other
Winter,Unknown
Winter,Light
Winter,Oval
Winter,Changing
Winter,Triangle
Winter,Sphere
Winter,Circle
Winter,
Spring,Disk
Spring,Other
Spring,Light
Spring,Light
Spring,Diamond
Spring,Light
Spring,Triangle
Spring,Unknown
Spring,Triangle
Spring,Sphere
Spring,Circle
Spring,Light
Spring,Fireball
Spring,Sphere
Spring,Triangle
Spring,Triangle
Spring,Oval
Spring,Light
Spring,
Spring,
Spring,Triangle
Spring,Light
Spring,Other
Spring,Light
Spring,Rectangle
Spring,Fireball
Spring,Changing
Spring,Triangle
Spring,Disk
Spring,Chevron
Spring,Other
Spring,Triangle
Spring,Fireball
Spring,Light
Spring,Sphere
Spring,Cigar
Spring,Oval
Spring,Triangle
Spring,Light
Spring,Circle
Spring,Cross
Spring,Light
Spring,Diamond
Spring,Unknown
Spring,Rectangle
Spring,Light
Spring,Circle
Spring,Light
Spring,Unknown
Spring,Formation
Spring,Cylinder
Spring,Light
Spring,Sphere
Spring,Changing
Spring,Other
Spring,Disk
Spring,Changing
Spring,Rectangle
Spring,Diamond
Spring,Rectangle
Spring,Disk
Spring,Light
Spring,Light
Spring,Light
Spring,Oval
Spring,Unknown
Spring,Disk
Spring,Sphere
Spring,Cigar
Spring,Light
Spring,Triangle
Spring,Unknown
Spring,Triangle
Spring,Light
Spring,Unknown
Spring,Light
Spring,Oval
Spring,Oval
Spring,Light
Spring,Fireball
Spring,
Spring,Triangle
Spring,Other
Spring,Fireball
Spring,Fireball
Spring,Other
Spring,Cylinder
Spring,Triangle
Spring,
Spring,Circle
Spring,Light
Spring,Formation
Spring,Formation
Spring,Unknown
Spring,Light
Spring,Oval
Spring,Light
Spring,Triangle
Spring,Formation
Spring,Rectangle
Spring,Diamond
Spring,Teardrop
Spring,Rectangle
Spring,Other
Spring,Triangle
Spring,Light
Spring,Disk
Spring,Oval
Spring,Fireball
Spring,Fireball
Spring,Unknown
Spring,Fireball
Spring,Unknown
Spring,Flash
Spring,Circle
Spring,Triangle
Spring,Changing
Spring,Light
Spring,Cigar
Spring,Circle
Spring,Light
Spring,Circle
Spring,Sphere
Spring,Circle
Spring,Circle
Spring,Light
Spring,Triangle
Spring,Other
Spring,Light
Spring,Changing
Spring,Changing
Spring,Circle
Spring,Circle
Spring,Light
Spring,Triangle
Spring,Oval
Spring,Circle
Spring,Flash
Spring,Light
Spring,Circle
Spring,Light
Spring,Fireball
Spring,Disk
Spring,Light
Spring,Circle
Spring,Other
Spring,Unknown
Spring,Circle
Spring,Triangle
Spring,Light
Spring,Oval
Spring,Circle
Spring,Light
Spring,Light
Spring,Sphere
Spring,Sphere
Spring,Other
Spring,Light
Spring,Changing
Spring,Oval
Spring,Triangle
Spring,Sphere
Spring,Other
Spring,Disk
Spring,Light
Spring,Oval
Spring,Other
Spring,Formation
Spring,Circle
Spring,Cigar
Spring,Formation
Spring,Fireball
Spring,Disk
Spring,Oval
Spring,Oval
Spring,Circle
Spring,Light
Spring,Fireball
Spring,Fireball
Spring,Light
Spring,Other
Spring,Fireball
Spring,Fireball
Spring,Fireball
Spring,Triangle
Spring,Sphere
Spring,Sphere
Spring,Fireball
Spring,Fireball
Spring,Fireball
Spring,Light
Spring,Fireball
Spring,Disk
Spring,
Spring,Fireball
Spring,Chevron
Spring,Other
Spring,
Spring,Diamond
Spring,Triangle
Spring,Light
Spring,Light
Spring,Sphere
Spring,Formation
Spring,Disk
Spring,Sphere
Spring,Formation
Spring,Light
Spring,
Spring,Circle
Spring,
Spring,Disk
Spring,Light
Spring,Circle
Spring,Light
Spring,Unknown
Spring,Light
Spring,Light
Spring,Sphere
Spring,Triangle
Spring,Oval
Spring,Unknown
Spring,Disk
Spring,
Spring,Sphere
Spring,Light
Spring,Changing
Spring,Disk
Spring,Unknown
Spring,Disk
Spring,Formation
Spring,Rectangle
Spring,Formation
Spring,Sphere
Spring,Sphere
Spring,Light
Spring,Rectangle
Spring,Disk
Spring,Cylinder
Spring,Unknown
Spring,Fireball
Spring,Cone
Spring,Cigar
Spring,Sphere
Spring,Light
Spring,Cylinder
Spring,Fireball
Spring,Fireball
Spring,Other
Spring,Cylinder
Spring,Cylinder
Spring,Light
Spring,Egg
Spring,Light
Spring,Chevron
Spring,Other
Spring,Cigar
Spring,Fireball
Spring,Triangle
Spring,Light
Spring,Egg
Spring,Light
Spring,Circle
Spring,Formation
Spring,Oval
Spring,Cylinder
Spring,Disk
Spring,Triangle
Spring,Triangle
Spring,Unknown
Spring,Oval
Spring,Light
Spring,Unknown
Spring,Cigar
Spring,Changing
Spring,Fireball
Spring,Triangle
Spring,Circle
Spring,Disk
Spring,Light
Spring,Other
Spring,Disk
Spring,Triangle
Spring,Triangle
Spring,Sphere
Spring,Fireball
Spring,Diamond
Spring,Circle
Spring,Egg
Spring,Light
Spring,Unknown
Spring,Circle
Spring,Other
Spring,
Spring,Formation
Spring,Light
Spring,Oval
Spring,Triangle
Spring,Light
Spring,Light
Spring,Light
Spring,Circle
Spring,Cigar
Spring,Triangle
Spring,Circle
Spring,Fireball
Spring,Triangle
Spring,Disk
Spring,Cigar
Spring,Cigar
Spring,Light
Spring,Other
Spring,Chevron
Spring,Unknown
Spring,Disk
Spring,Circle
Spring,Triangle
Spring,Circle
Spring,Light
Spring,Disk
Spring,Diamond
Spring,Triangle
Spring,Disk
Spring,Circle
Spring,Fireball
Spring,Oval
Spring,Light
Spring,Other
Spring,Light
Spring,Cylinder
Spring,Disk
Spring,Circle
Spring,Circle
Spring,Circle
Spring,Other
Spring,
Spring,Light
Spring,Sphere
Spring,Light
Spring,Light
Spring,Oval
Spring,Unknown
Spring,Diamond
Spring,Egg
Spring,Egg
Spring,Fireball
Spring,Fireball
Spring,Fireball
Spring,Fireball
Spring,Cigar
Spring,Light
Spring,Oval
Spring,Oval
Spring,Triangle
Spring,Flash
Spring,Changing
Spring,Sphere
Spring,Egg
Spring,Light
Spring,Light
Spring,Sphere
Spring,Triangle
Spring,Light
Spring,
Spring,Disk
Spring,Unknown
Spring,Other
Spring,Light
Spring,Other
Spring,Sphere
Spring,Triangle
Spring,
Spring,Triangle
Spring,Light
Spring,Circle
Spring,Disk
Spring,Triangle
Spring,Triangle
Spring,Triangle
Spring,Circle
Spring,Triangle
Spring,Disk
Spring,Disk
Spring,Circle
Spring,Light
Spring,Other
Spring,Chevron
Spring,Triangle
Spring,Other
Spring,Light
Spring,Fireball
Spring,Circle
Spring,Teardrop
Spring,Egg
Spring,Other
Spring,Teardrop
Spring,Circle
Spring,Sphere
Spring,Cross
Spring,Oval
Spring,Light
Spring,Diamond
Spring,Triangle
Spring,Circle
Spring,Light
Spring,Oval
Spring,Sphere
Spring,Cigar
Spring,Other
Spring,Other
Spring,Light
Spring,Unknown
Spring,Cone
Spring,Fireball
Spring,Disk
Spring,Unknown
Spring,Triangle
Spring,Diamond
Spring,Light
Spring,Fireball
Spring,Flash
Spring,Egg
Spring,Unknown
Spring,Circle
Spring,Unknown
Spring,Oval
Spring,Disk
Spring,Triangle
Spring,Disk
Spring,Chevron
Spring,Light
Spring,Chevron
Spring,Unknown
Spring,Disk
Spring,Fireball
Spring,Sphere
Spring,Changing
Spring,Circle
Spring,Disk
Spring,Formation
Spring,Formation
Spring,Egg
Spring,Light
Spring,Changing
Spring,Unknown
Spring,Fireball
Spring,Triangle
Spring,Fireball
Spring,Disk
Spring,Light
Spring,Formation
Spring,Oval
Spring,Light
Spring,Fireball
Spring,Disk
Spring,
Spring,Light
Spring,Light
Spring,Other
Spring,Unknown
Spring,Sphere
Spring,Diamond
Spring,Other
Spring,Sphere
Spring,Circle
Spring,Circle
Spring,Triangle
Spring,Light
Spring,Changing
Spring,Sphere
Spring,Light
Spring,Light
Spring,Light
Spring,Unknown
Spring,Light
Spring,Disk
Spring,Other
Spring,Disk
Spring,Other
Spring,Unknown
Spring,Triangle
Spring,Diamond
Spring,Disk
Spring,Triangle
Spring,Sphere
Spring,Light
Spring,Sphere
Spring,Sphere
Spring,Disk
Spring,Circle
Spring,Other
Summer,Light
Summer,Circle
Summer,Circle
Summer,Light
Summer,Triangle
Summer,Circle
Summer,Oval
Summer,Circle
Summer,Unknown
Summer,Light
Summer,Triangle
Summer,Cylinder
Summer,Unknown
Summer,Light
Summer,Sphere
Summer,Circle
Summer,Sphere
Summer,Other
Summer,Other
Summer,Oval
Summer,Oval
Summer,Light
Summer,Other
Summer,Disk
Summer,Formation
Summer,Triangle
Summer,Fireball
Summer,Teardrop
Summer,Triangle
Summer,Disk
Summer,Teardrop
Summer,Triangle
Summer,Disk
Summer,Fireball
Summer,Light
Summer,Oval
Summer,Light
Summer,Rectangle
Summer,Other
Summer,Light
Summer,Chevron
Summer,Circle
Summer,Light
Summer,Fireball
Summer,Triangle
Summer,Unknown
Summer,Other
Summer,Other
Summer,Sphere
Summer,Triangle
Summer,Disk
Summer,Oval
Summer,Triangle
Summer,Light
Summer,Circle
Summer,Triangle
Summer,Light
Summer,Other
Summer,Light
Summer,Light
Summer,Unknown
Summer,Oval
Summer,Triangle
Summer,Other
Summer,Unknown
Summer,Unknown
Summer,Disk
Summer,Sphere
Summer,Changing
Summer,Sphere
Summer,Sphere
Summer,Light
Summer,Oval
Summer,Rectangle
Summer,Circle
Summer,Disk
Summer,Triangle
Summer,Triangle
Summer,Other
Summer,Triangle
Summer,Light
Summer,Light
Summer,Triangle
Summer,Fireball
Summer,Flash
Summer,Unknown
Summer,Disk
Summer,Unknown
Summer,Circle
Summer,Changing
Summer,Unknown
Summer,Other
Summer,Cigar
Summer,Changing
Summer,Circle
Summer,Egg
Summer,Oval
Summer,Light
Summer,Disk
Summer,Egg
Summer,Egg
Summer,Light
Summer,Light
Summer,Light
Summer,Circle
Summer,Other
Summer,Light
Summer,Light
Summer,Rectangle
Summer,Unknown
Summer,Circle
Summer,Sphere
Summer,Light
Summer,Light
Summer,Cylinder
Summer,Circle
Summer,Chevron
Summer,Triangle
Summer,Diamond
Summer,Unknown
Summer,Cigar
Summer,Oval
Summer,Fireball
Summer,Light
Summer,Light
Summer,Light
Summer,Unknown
Summer,
Summer,Light
Summer,Light
Summer,Unknown
Summer,Light
Summer,Light
Summer,Light
Summer,Other
Summer,Oval
Summer,Unknown
Summer,Other
Summer,Light
Summer,Fireball
Summer,Circle
Summer,Light
Summer,Triangle
Summer,Oval
Summer,Light
Summer,Triangle
Summer,Light
Summer,Circle
Summer,Light
Summer,Sphere
Summer,Triangle
Summer,Other
Summer,Circle
Summer,Triangle
Summer,Triangle
Summer,Rectangle
Summer,Rectangle
Summer,Circle
Summer,Circle
Summer,Cigar
Summer,Triangle
Summer,Other
Summer,Cylinder
Summer,Formation
Summer,Triangle
Summer,Sphere
Summer,Light
Summer,Triangle
Summer,Circle
Summer,Formation
Summer,Circle
Summer,Light
Summer,Sphere
Summer,Triangle
Summer,Triangle
Summer,Disk
Summer,Oval
Summer,Other
Summer,Fireball
Summer,Light
Summer,Circle
Summer,Flash
Summer,Chevron
Summer,Disk
Summer,Disk
Summer,Light
Summer,Triangle
Summer,Triangle
Summer,Unknown
Summer,
Summer,Rectangle
Summer,Sphere
Summer,Circle
Summer,Oval
Summer,Oval
Summer,Sphere
Summer,Unknown
Summer,Light
Summer,Unknown
Summer,Unknown
Summer,Circle
Summer,Diamond
Summer,Cigar
Summer,Disk
Summer,Teardrop
Summer,Light
Summer,Light
Summer,Cylinder
Summer,Triangle
Summer,Light
Summer,Light
Summer,Light
Summer,Other
Summer,Light
Summer,Unknown
Summer,Other
Summer,Cigar
Summer,Sphere
Summer,Circle
Summer,Triangle
Summer,Other
Summer,Unknown
Summer,Light
Summer,Changing
Summer,Sphere
Summer,Light
Summer,Sphere
Summer,Light
Summer,Triangle
Summer,Light
Summer,Cigar
Summer,Cigar
Summer,Triangle
Summer,Light
Summer,Oval
Summer,Light
Summer,Cross
Summer,Oval
Summer,Disk
Summer,Formation
Summer,Rectangle
Summer,Oval
Summer,Unknown
Summer,Triangle
Summer,Fireball
Summer,Fireball
Summer,Unknown
Summer,Disk
Summer,Disk
Summer,Circle
Summer,Cylinder
Summer,Disk
Summer,Light
Summer,Unknown
Summer,Circle
Summer,Diamond
Summer,Diamond
Summer,Fireball
Summer,Circle
Summer,Light
Summer,Light
Summer,Light
Summer,Cigar
Summer,Light
Summer,Sphere
Summer,Circle
Summer,Circle
Summer,Light
Summer,Fireball
Summer,Circle
Summer,Circle
Summer,Cigar
Summer,Fireball
Summer,Light
Summer,Disk
Summer,Flash
Summer,Circle
Summer,Other
Summer,Disk
Summer,Cigar
Summer,Triangle
Summer,Egg
Summer,Light
Summer,Light
Summer,Chevron
Summer,Fireball
Summer,Unknown
Summer,Cigar
Summer,Oval
Summer,Circle
Summer,Sphere
Summer,Circle
Summer,Triangle
Summer,Cylinder
Summer,Light
Summer,Sphere
Summer,Disk
Summer,Cigar
Summer,Other
Summer,Light
Summer,Circle
Summer,Triangle
Summer,Sphere
Summer,Unknown
Summer,Oval
Summer,Triangle
Summer,Light
Summer,Light
Summer,Sphere
Summer,Changing
Summer,Disk
Summer,Light
Summer,Oval
Summer,Fireball
Summer,Light
Summer,Triangle
Summer,Disk
Summer,Cigar
Summer,Disk
Summer,Circle
Summer,Disk
Summer,Sphere
Summer,Sphere
Summer,Circle
Summer,Cigar
Summer,Circle
Summer,Light
Summer,Circle
Summer,Disk
Summer,Light
Summer,Oval
Summer,Unknown
Summer,Light
Summer,Light
Summer,Light
Summer,Triangle
Summer,Light
Summer,Chevron
Summer,Other
Summer,Other
Summer,Light
Summer,Light
Summer,Fireball
Summer,Formation
Summer,Triangle
Summer,Cigar
Summer,Circle
Summer,Oval
Summer,Light
Summer,Formation
Summer,Other
Summer,Other
Summer,Light
Summer,Other
Summer,Fireball
Summer,Light
Summer,Unknown
Summer,Cigar
Summer,Light
Summer,Unknown
Summer,Light
Summer,Formation
Summer,Disk
Summer,Triangle
Summer,Circle
Summer,Light
Summer,
Summer,Light
Summer,Circle
Summer,Light
Summer,Light
Summer,Unknown
Summer,Triangle
Summer,Circle
Summer,Light
Summer,Fireball
Summer,Unknown
Summer,Light
Summer,Light
Summer,Light
Summer,Other
Summer,Sphere
Summer,
Summer,Fireball
Summer,Light
Summer,Unknown
Summer,Light
Summer,Circle
Summer,Oval
Summer,Light
Summer,Light
Summer,Light
Summer,Light
Summer,Light
Summer,Triangle
Summer,Egg
Summer,Fireball
Summer,Sphere
Summer,Chevron
Summer,Light
Summer,Light
Summer,Formation
Summer,Changing
Summer,Light
Summer,Teardrop
Summer,Light
Summer,Light
Summer,Cigar
Summer,Unknown
Summer,Disk
Summer,Fireball
Summer,Unknown
Summer,Fireball
Summer,Fireball
Summer,Other
Summer,Fireball
Summer,Fireball
Summer,Fireball
Summer,Triangle
Summer,Disk
Summer,Unknown
Summer,Oval
Summer,Rectangle
Summer,Other
Summer,Light
Summer,Changing
Summer,Light
Summer,Light
Summer,Cigar
Summer,Triangle
Summer,Fireball
Summer,Light
Summer,Light
Summer,Light
Summer,Light
Summer,Light
Summer,Light
Summer,Light
Summer,Circle
Summer,Circle
Summer,Circle
Summer,Circle
Summer,Light
Summer,Fireball
Summer,Light
Summer,Other
Summer,Triangle
Summer,Triangle
Summer,Light
Summer,Light
Summer,Light
Summer,Cylinder
Summer,Oval
Summer,Cigar
Summer,Other
Summer,Other
Summer,Cross
Summer,Sphere
Summer,Changing
Summer,Cylinder
Summer,Cylinder
Summer,Cylinder
Summer,Cylinder
Summer,Triangle
Summer,Cigar
Summer,Other
Summer,Formation
Summer,Fireball
Summer,Sphere
Summer,Oval
Summer,Light
Summer,Other
Summer,Light
Summer,Light
Summer,Cone
Summer,Light
Summer,Circle
Summer,Circle
Summer,Light
Summer,Oval
Summer,Fireball
Summer,Light
Summer,Oval
Summer,Light
Summer,Light
Summer,Sphere
Summer,Other
Summer,Fireball
Summer,Light
Summer,Light
Summer,Light
Summer,
Summer,Rectangle
Summer,Light
Summer,Light
Summer,Disk
Summer,Unknown
Summer,Unknown
Summer,Fireball
Summer,Light
Summer,Unknown
Summer,Triangle
Summer,Unknown
Summer,Cylinder
Summer,Light
Summer,Unknown
Summer,Unknown
Summer,Oval
Summer,Other
Summer,Other
Summer,Light
Summer,Formation
Summer,Changing
Summer,Formation
Summer,Formation
Summer,Light
Summer,Other
Summer,Light
Summer,Cone
Summer,Circle
Summer,Other
Summer,Formation
Summer,Sphere
Summer,Triangle
Summer,Formation
Summer,Rectangle
Summer,Unknown
Summer,Formation
Summer,Light
Summer,Other
Summer,Triangle
Summer,Light
Summer,Light
Summer,Triangle
Summer,Changing
Summer,Circle
Summer,Triangle
Summer,Light
Summer,Oval
Summer,Rectangle
Summer,Changing
Summer,Other
Summer,Circle
Summer,Disk
Summer,Other
Summer,Light
Summer,Other
Summer,Triangle
Summer,Light
Summer,Oval
Summer,Triangle
Summer,Light
Summer,Rectangle
Summer,Light
Summer,Triangle
Summer,Disk
Summer,Fireball
Summer,Unknown
Summer,Fireball
Summer,Changing
Summer,Sphere
Summer,Triangle
Summer,Sphere
Summer,Rectangle
Summer,Circle
Summer,Light
Summer,Triangle
Summer,Circle
Summer,Sphere
Summer,Unknown
Summer,Circle
Summer,Light
Summer,Light
Summer,Unknown
Summer,Circle
Summer,Light
Summer,Light
Summer,Light
Summer,Triangle
Summer,Light
Summer,Circle
Summer,Disk
Summer,Light
Summer,Fireball
Summer,Cigar
Summer,Disk
Summer,Light
Summer,Changing
Summer,Cone
Summer,Other
Summer,Sphere
Summer,Fireball
Summer,Fireball
Summer,Other
Summer,Light
Summer,Sphere
Summer,Circle
Summer,Diamond
Summer,Formation
Summer,Cigar
Summer,Other
Summer,Chevron
Summer,Diamond
Summer,Disk
Summer,Other
Summer,Fireball
Summer,Circle
Summer,
Summer,Disk
Summer,Sphere
Summer,Egg
Summer,Circle
Summer,Triangle
Summer,Other
Summer,Light
Summer,Cylinder
Summer,Teardrop
Summer,Changing
Summer,Disk
Summer,Oval
Summer,Cylinder
Summer,Unknown
Summer,Disk
Summer,Other
Summer,Other
Summer,Light
Summer,Light
Summer,Unknown
Summer,Changing
Summer,Light
Summer,Unknown
Summer,Cylinder
Summer,Unknown
Summer,Sphere
Summer,Triangle
Summer,Fireball
Summer,Unknown
Summer,Light
Summer,Light
Summer,Unknown
Summer,Unknown
Summer,Flash
Summer,Flash
Summer,Formation
Summer,Light
Summer,Triangle
Summer,Oval
Summer,Fireball
Summer,Light
Summer,Other
Summer,Light
Summer,Flash
Summer,Circle
Summer,Disk
Summer,Triangle
Summer,Disk
Summer,Light
Summer,Triangle
Summer,Circle
Summer,Fireball
Summer,Light
Summer,Light
Summer,Other
Summer,Light
Summer,Changing
Summer,Light
Summer,Other
Summer,Unknown
Summer,Light
Summer,Light
Summer,Light
Summer,Other
Summer,Light
Summer,Disk
Summer,Disk
Summer,Disk
Summer,Disk
Summer,Disk
Summer,Circle
Summer,Light
Summer,Other
Summer,Flash
Summer,Circle
Summer,Fireball
Summer,Sphere
Summer,Cylinder
Summer,Light
Summer,Circle
Summer,Triangle
Summer,Formation
Summer,Unknown
Summer,Oval
Summer,Light
Summer,Light
Summer,Sphere
Summer,Flash
Summer,Cigar
Summer,Light
Summer,Light
Summer,Formation
Summer,Sphere
Summer,Circle
Summer,Formation
Summer,Cone
Summer,Triangle
Summer,Circle
Summer,Light
Summer,Formation
Summer,Light
Summer,Formation
Summer,Other
Summer,Light
Summer,Light
Summer,Light
Summer,Light
Summer,Disk
Summer,Disk
Summer,Oval
Summer,Circle
Summer,Unknown
Summer,Sphere
Summer,Sphere
Summer,Changing
Summer,Disk
Summer,Light
Summer,Sphere
Summer,Light
Summer,Fireball
Summer,Circle
Summer,Other
Summer,Light
Summer,Sphere
Summer,Fireball
Summer,Fireball
Summer,Unknown
Autumn,Light
Autumn,Other
Autumn,Light
Autumn,Triangle
Autumn,Triangle
Autumn,Light
Autumn,Triangle
Autumn,Other
Autumn,Other
Autumn,Cigar
Autumn,Sphere
Autumn,Changing
Autumn,Egg
Autumn,Other
Autumn,Other
Autumn,Circle
Autumn,Light
Autumn,Triangle
Autumn,Cylinder
Autumn,Triangle
Autumn,Fireball
Autumn,Triangle
Autumn,Flash
Autumn,Other
Autumn,Unknown
Autumn,Triangle
Autumn,Sphere
Autumn,Changing
Autumn,Other
Autumn,Light
Autumn,Other
Autumn,Rectangle
Autumn,Sphere
Autumn,Formation
Autumn,Light
Autumn,Flash
Autumn,Cigar
Autumn,Triangle
Autumn,Light
Autumn,Oval
Autumn,Unknown
Autumn,Cone
Autumn,Cylinder
Autumn,Egg
Autumn,Diamond
Autumn,Egg
Autumn,Triangle
Autumn,Light
Autumn,Triangle
Autumn,Disk
Autumn,Disk
Autumn,Other
Autumn,Rectangle
Autumn,Triangle
Autumn,Disk
Autumn,Other
Autumn,Egg
Autumn,Disk
Autumn,Triangle
Autumn,Unknown
Autumn,Light
Autumn,Disk
Autumn,Triangle
Autumn,Flash
Autumn,Disk
Autumn,Oval
Autumn,Light
Autumn,Light
Autumn,Circle
Autumn,Light
Autumn,Circle
Autumn,Chevron
Autumn,Light
Autumn,Circle
Autumn,Unknown
Autumn,Triangle
Autumn,Formation
Autumn,Sphere
Autumn,Cigar
Autumn,Triangle
Autumn,Formation
Autumn,Circle
Autumn,Cigar
Autumn,Chevron
Autumn,Light
Autumn,Light
Autumn,Chevron
Autumn,Chevron
Autumn,Fireball
Autumn,Disk
Autumn,Oval
Autumn,Light
Autumn,Changing
Autumn,Sphere
Autumn,Flash
Autumn,Light
Autumn,Light
Autumn,Oval
Autumn,Sphere
Autumn,Fireball
Autumn,Other
Autumn,Sphere
Autumn,Triangle
Autumn,Circle
Autumn,Triangle
Autumn,Light
Autumn,Light
Autumn,Formation
Autumn,Light
Autumn,Light
Autumn,Fireball
Autumn,Flash
Autumn,Flash
Autumn,Circle
Autumn,Triangle
Autumn,Other
Autumn,Triangle
Autumn,Light
Autumn,Unknown
Autumn,Circle
Autumn,Circle
Autumn,Oval
Autumn,Disk
Autumn,Fireball
Autumn,Oval
Autumn,Oval
Autumn,
Autumn,Disk
Autumn,Cigar
Autumn,Circle
Autumn,Light
Autumn,Other
Autumn,Other
Autumn,Disk
Autumn,Other
Autumn,Disk
Autumn,Teardrop
Autumn,Cylinder
Autumn,Fireball
Autumn,Circle
Autumn,Other
Autumn,Disk
Autumn,Egg
Autumn,Chevron
Autumn,Triangle
Autumn,Triangle
Autumn,Light
Autumn,Triangle
Autumn,Triangle
Autumn,Unknown
Autumn,Cylinder
Autumn,Light
Autumn,Light
Autumn,Flash
Autumn,Other
Autumn,Circle
Autumn,Oval
Autumn,Light
Autumn,Circle
Autumn,Chevron
Autumn,Triangle
Autumn,Chevron
Autumn,Cigar
Autumn,Fireball
Autumn,Fireball
Autumn,Fireball
Autumn,Fireball
Autumn,Flash
Autumn,Triangle
Autumn,Disk
Autumn,Disk
Autumn,Circle
Autumn,Light
Autumn,Triangle
Autumn,Circle
Autumn,Light
Autumn,Triangle
Autumn,Disk
Autumn,Other
Autumn,Triangle
Autumn,Triangle
Autumn,Disk
Autumn,Fireball
Autumn,Other
Autumn,Circle
Autumn,Sphere
Autumn,Other
Autumn,Light
Autumn,Circle
Autumn,Fireball
Autumn,Fireball
Autumn,Sphere
Autumn,Circle
Autumn,Circle
Autumn,Triangle
Autumn,Light
Autumn,Other
Autumn,Fireball
Autumn,Circle
Autumn,Formation
Autumn,Changing
Autumn,Light
Autumn,Light
Autumn,Sphere
Autumn,Formation
Autumn,Triangle
Autumn,Changing
Autumn,Fireball
Autumn,Changing
Autumn,Light
Autumn,Light
Autumn,Triangle
Autumn,Light
Autumn,Light
Autumn,Circle
Autumn,Fireball
Autumn,Light
Autumn,Fireball
Autumn,Light
Autumn,Circle
Autumn,Triangle
Autumn,Triangle
Autumn,Light
Autumn,Fireball
Autumn,Unknown
Autumn,Cylinder
Autumn,Rectangle
Autumn,Rectangle
Autumn,Sphere
Autumn,Cigar
Autumn,Flash
Autumn,Fireball
Autumn,Light
Autumn,Light
Autumn,Fireball
Autumn,Changing
Autumn,Disk
Autumn,Triangle
Autumn,Fireball
Autumn,Fireball
Autumn,Changing
Winter,Triangle
Winter,Oval
Winter,Changing
Spring,Triangle
Spring,Light
Spring,Disk
Spring,Sphere
Summer,Triangle
Autumn,Light
Summer,Light
Winter,
Winter,Circle
Winter,Egg
Spring,Unknown
Spring,Other
Summer,Rectangle